{
    "name": "cloudinary",
    "version": "1.0.25",
    "title": "Cloudinary jQuery Plugin",
    "description": "Cloudinary streamlines your web application’s image manipulation needs. Cloudinary's cloud-based servers automate image uploading, resizing, cropping, optimizing, sprite generation and more. Cloudinary's jQuery plugin allows direct uploading from the browser to the cloud and dynamic cloud-based image transformations and effects.", 
    "keywords": [
        "cloudinary",
        "jquery",
        "file",
        "upload",
        "widget",
        "image",
        "transformations",
        "manipulation",
        "effects",
        "thumbnail",
        "multiple",
        "drag",
        "drop",
        "progress",
        "preview",
        "cross-domain",
        "cross-site",
        "picture",
        "pictures",
        "thumbnails",
        "CDN"
    ],
    "homepage": "http://cloudinary.com/documentation/jquery_integration",
    "demo": "http://edgedemo.cloudinary.com/",
    "docs": "http://cloudinary.com/documentation/jquery_integration",    
    "author": {
        "name": "Cloudinary",
        "url": "http://cloudinary.com"
    },
    "maintainers": [
        {
            "name": "Cloudinary",
            "url": "http://cloudinary.com"
        }
    ],
    "repository": {
        "type": "git",        
        "url": "git://github.com/cloudinary/cloudinary_js.git"
    },
    "bugs": "https://github.com/cloudinary/cloudinary_js/issues",
    "licenses": [
        {
            "type": "MIT",
            "url": "http://www.opensource.org/licenses/MIT"
        }
    ],
    "dependencies": {
        "jquery": ">=1.6",
        "blueimp-file-upload": ">=7.2.1"
    }
}
